{"min": 5.148795510806608, "max": 91.44420902426847}